{"cameraMode":{"drawMode":0,"name":"Shaded","section":"Shading Mode"},"sceneLighting":false,"audioPlay":false,"sceneViewState":{"m_AlwaysRefresh":false,"showFog":true,"showSkybox":false,"showFlares":true,"showImageEffects":true,"showParticleSystems":true,"showVisualEffectGraphs":true,"m_FxEnabled":true},"in2DMode":false,"pivot":{"x":16.959999084472658,"y":1.149999976158142,"z":4.69704008102417},"rotation":{"x":-0.023044517263770105,"y":0.9503273367881775,"z":-0.07256463915109635,"w":-0.30179765820503237},"size":0.8660253882408142,"orthographic":false}