{"cameraMode":{"drawMode":0,"name":"Shaded","section":"Shading Mode"},"sceneLighting":true,"audioPlay":false,"sceneViewState":{"m_AlwaysRefresh":false,"showFog":true,"showSkybox":true,"showFlares":true,"showImageEffects":true,"showParticleSystems":true,"showVisualEffectGraphs":true,"m_FxEnabled":true},"in2DMode":false,"pivot":{"x":11.047405242919922,"y":1.2951130867004395,"z":-7.547952651977539},"rotation":{"x":0.00036880109109915793,"y":0.9986540675163269,"z":-0.05338893085718155,"w":0.006924523506313562},"size":11.459458351135254,"orthographic":false}