{"cameraMode":{"drawMode":0,"name":"Shaded","section":"Shading Mode"},"sceneLighting":false,"audioPlay":false,"sceneViewState":{"m_AlwaysRefresh":false,"showFog":true,"showSkybox":false,"showFlares":true,"showImageEffects":true,"showParticleSystems":true,"showVisualEffectGraphs":true,"m_FxEnabled":true},"in2DMode":false,"pivot":{"x":5.447146415710449,"y":3.4710168838500978,"z":18.963972091674806},"rotation":{"x":0.23555243015289308,"y":0.6734784245491028,"z":-0.24112126231193543,"w":0.6579026579856873},"size":0.8660253882408142,"orthographic":false}